"CountyGroup","Historical_gen_1","Historical_gen_2","Historical_gen_3","Historical_gen_4","CountyGroup.1","X2040.s_gen_1","X2040.s_gen_2","X2040.s_gen_3","X2040.s_gen_4","CountyGroup.2","X2060.s_gen_1","X2060.s_gen_2","X2060.s_gen_3","X2060.s_gen_4","CountyGroup.3","X2080.s_gen_1","X2080.s_gen_2","X2080.s_gen_3","X2080.s_gen_4"
"warmer_total",9845.13518283499,10160.3170290428,8694.26070923397,NA,"warmer_total",9304.40005185308,10225.0243929875,10165.1020344854,4489.66730761175,"warmer_total",9702.02625579899,10096.7259798323,9950.36465391898,7964.89201882397,"warmer_total",9720.88026687052,10282.2982896985,9710.44339950172,8042.9685370055
"warmer_escape",5602.79240210608,4058.1433259442,351.228215020097,NA,"warmer_escape",4043.57216320344,5755.65743311418,1662.74628407107,21.7304202952343,"warmer_escape",3401.77717457797,6190.20351603183,2559.41829716177,199.303955748623,"warmer_escape",2575.63520892104,6525.06285704713,3362.8879340786,547.608640646498
"colder_total",10102.4847758999,10289.1912353451,1848.70849012147,NA,"colder_total",9780.39260819841,10278.9726561228,8617.02132979036,NA,"colder_total",9801.22843088548,9978.89097358636,10125.485876986,1885.7828706866,"colder_total",9765.56225523783,10054.3877089914,9908.43286837102,5221.80491663582
"colder_escape",7954.13729780062,2946.65940224385,9.71699310202432,NA,"colder_escape",6948.61683962924,5536.3916571207,528.534568721216,NA,"colder_escape",6329.5702435434,6431.17629598927,1309.9064552077,0,"colder_escape",5395.55069524461,7249.95446688757,2243.96817225643,62.7007693050248
