"CountyGroup","Historical_gen_1","Historical_gen_2","Historical_gen_3","Historical_gen_4","CountyGroup.1","X2040.s_gen_1","X2040.s_gen_2","X2040.s_gen_3","X2040.s_gen_4","CountyGroup.2","X2060.s_gen_1","X2060.s_gen_2","X2060.s_gen_3","X2060.s_gen_4","CountyGroup.3","X2080.s_gen_1","X2080.s_gen_2","X2080.s_gen_3","X2080.s_gen_4"
"warmer_total",9845.13518283499,10160.3170290428,8694.26070923397,NA,"warmer_total",9304.40005185308,10225.0243929875,10165.1020344854,4489.66730761175,"warmer_total",9702.02625579899,10096.7259798323,9950.36465391898,7964.89201882397,"warmer_total",9720.88026687052,10282.2982896985,9710.44339950172,8042.9685370055
"warmer_escape",3531.17170532022,2037.54821379057,28.9517975911692,NA,"warmer_escape",2193.731389997,3564.89518697682,452.827727712712,0,"warmer_escape",1626.31971138194,4048.08441481547,956.12198180114,1.39326583003577,"warmer_escape",1031.37479297395,4369.17796330766,1518.01248124127,51.7782926797823
"colder_total",10102.4847758999,10289.1912353451,1848.70849012147,NA,"colder_total",9780.39260819841,10278.9726561228,8617.02132979036,NA,"colder_total",9801.22843088548,9978.89097358636,10125.485876986,1885.7828706866,"colder_total",9765.56225523783,10054.3877089914,9908.43286837102,5221.80491663582
"colder_escape",6463.39738554998,1323.17423550172,0,NA,"colder_escape",5314.2349110739,3492.13741268646,84.3348834160069,NA,"colder_escape",4575.21911650379,4527.1706600575,353.593564281322,0,"colder_escape",3551.37504146693,5495.87366796166,804.402122993468,0
