"CountyGroup","Historical_gen_1","Historical_gen_2","Historical_gen_3","Historical_gen_4","CountyGroup.1","X2040.s_gen_1","X2040.s_gen_2","X2040.s_gen_3","X2040.s_gen_4","CountyGroup.2","X2060.s_gen_1","X2060.s_gen_2","X2060.s_gen_3","X2060.s_gen_4","CountyGroup.3","X2080.s_gen_1","X2080.s_gen_2","X2080.s_gen_3","X2080.s_gen_4"
"warmer_total",9845.13518283499,10160.3170290428,8694.26070923397,NA,"warmer_total",9304.40005185308,10225.0243929875,10165.1020344854,4489.66730761175,"warmer_total",9702.02625579899,10096.7259798323,9950.36465391898,7964.89201882397,"warmer_total",9720.88026687052,10282.2982896985,9710.44339950172,8042.9685370055
"warmer_escape",4401.30104986795,2863.80959711306,115.704824952694,NA,"warmer_escape",2954.89354081702,4486.44297134143,890.533091532486,0,"warmer_escape",2342.08986089608,4953.25264918115,1582.22108190248,40.5263875575837,"warmer_escape",1634.06944318435,5280.84083049582,2262.60414738888,194.803490711642
"colder_total",10102.4847758999,10289.1912353451,1848.70849012147,NA,"colder_total",9780.39260819841,10278.9726561228,8617.02132979036,NA,"colder_total",9801.22843088548,9978.89097358636,10125.485876986,1885.7828706866,"colder_total",9765.56225523783,10054.3877089914,9908.43286837102,5221.80491663582
"colder_escape",7059.48184832312,1958.14728242209,0,NA,"colder_escape",5980.13245137892,4338.42384220947,221.381326431613,NA,"colder_escape",5295.74909754365,5317.73635590438,687.348174702256,0,"colder_escape",4311.18837386206,6218.20636315791,1356.25473229986,2.818533695211
